{
    "accuracy": 0.5091743119266054,
    "test_accuracy": 0.5091743119266054,
    "val_accuracy": 0.58
}