{"train/peak_mem": 11.63136625289917, "train/step_consumption": 633.678674697876, "train/epoch": 13.51, "train/global_step": 851, "_timestamp": 1760343798.6448097, "_runtime": 681.1163606643677, "_step": 1789, "peak_mem": 11.63136625289917, "step_consumption": 633.678674697876, "train/loss": 0.6997, "train/learning_rate": 1e-05, "test/acc": 0.5229357798165137, "train/val_acc": 0.58, "test_acc": 0.5229357798165137, "val_acc": 0.58, "eval/loss": 0.7062822580337524, "eval/runtime": 16.6299, "eval/samples_per_second": 52.436, "eval/steps_per_second": 6.554}