{"train/peak_mem": 7.337973117828369, "train/step_consumption": 1131.8047046661377, "train/epoch": 198.38, "train/global_step": 12498, "_timestamp": 1760511514.622553, "_runtime": 14830.435757160187, "_step": 13794, "peak_mem": 6.729724884033203, "step_consumption": 700.6518840789795, "train/loss": 0.6544, "train/learning_rate": 1e-06, "test/acc": 0.5538990825688074, "train/val_acc": 0.592, "eval/loss": 0.6885965466499329, "eval/runtime": 25.453, "eval/samples_per_second": 34.259, "eval/steps_per_second": 4.282}