{"train/peak_mem": 16.138780117034912, "train/step_consumption": 371.6387748718262, "train/epoch": 3.12, "train/global_step": 50, "_timestamp": 1760354744.10995, "_runtime": 56.49485898017883, "_step": 117, "peak_mem": 16.138780117034912, "step_consumption": 371.6387748718262, "train/loss": 0.9544, "train/learning_rate": 1e-05, "test/acc": 0.59375, "train/val_acc": 0.4375, "test_acc": 0.59375, "val_acc": 0.4375, "eval/loss": 0.9720144867897034, "eval/runtime": 1.2046, "eval/samples_per_second": 53.129, "eval/steps_per_second": 6.641, "train_runtime": 29.0206, "train_samples_per_second": 6.892, "train_steps_per_second": 1.723, "total_flos": 71007821365248.0, "train_loss": 0.7360329961776734, "train/train_runtime": 29.0206, "train/train_samples_per_second": 6.892, "train/train_steps_per_second": 1.723, "train/total_flos": 71007821365248.0, "train/train_loss": 0.7360329961776734, "accuracy": 0.59375, "test_accuracy": 0.59375, "val_accuracy": 0.4375, "_wandb": {"runtime": 55}}