{"train/peak_mem": 7.337973117828369, "train/step_consumption": 902.8098583221436, "train/epoch": 225.41, "train/global_step": 14201, "_timestamp": 1760511606.6627266, "_runtime": 16250.258831739426, "_step": 15676, "peak_mem": 6.729724884033203, "step_consumption": 548.1090545654297, "train/loss": 2.1898057746984467e+17, "train/learning_rate": 0.0001, "test/acc": 0.5091743119266054, "train/val_acc": 0.58, "eval/loss": 2.388473060387717e+17, "eval/runtime": 25.7668, "eval/samples_per_second": 33.842, "eval/steps_per_second": 4.23}