{"train/peak_mem": 41.04298782348633, "train/step_consumption": 1180.6082725524902, "train/epoch": 87.83, "train/global_step": 5533, "_timestamp": 1760361654.2705324, "_runtime": 6645.579120397568, "_step": 11651, "peak_mem": 41.04298782348633, "step_consumption": 1180.6082725524902, "train/loss": 0.8341, "train/learning_rate": 1e-07, "test/acc": 0.551605504587156, "train/val_acc": 0.608, "test_acc": 0.551605504587156, "val_acc": 0.608, "eval/loss": 1.0302876234054565, "eval/runtime": 16.6636, "eval/samples_per_second": 52.33, "eval/steps_per_second": 6.541, "_wandb": {"runtime": 6645}}