{"train/peak_mem": 7.337973117828369, "train/step_consumption": 1076.8589973449707, "train/epoch": 317.46, "train/global_step": 20000, "_timestamp": 1760463974.5979517, "_runtime": 22177.780744552612, "_step": 22082, "peak_mem": 6.729724884033203, "step_consumption": 686.44118309021, "train/loss": 0.717, "train/learning_rate": 1e-05, "test/acc": 0.5275229357798165, "train/val_acc": 0.484, "eval/loss": 0.8187896013259888, "eval/runtime": 23.8243, "eval/samples_per_second": 36.601, "eval/steps_per_second": 4.575, "train_runtime": 22047.6311, "train_samples_per_second": 14.514, "train_steps_per_second": 0.907, "total_flos": 1.860766920427438e+17, "train_loss": 0.7091240622997284, "train/train_runtime": 22047.6311, "train/train_samples_per_second": 14.514, "train/train_steps_per_second": 0.907, "train/total_flos": 1.860766920427438e+17, "train/train_loss": 0.7091240622997284, "accuracy": 0.5252293577981652, "test_accuracy": 0.5252293577981652, "val_accuracy": 0.482, "_wandb": {"runtime": 22177}}