{"train/peak_mem": 16.431811809539795, "train/step_consumption": 1010.826587677002, "train/epoch": 317.46, "train/global_step": 20000, "_timestamp": 1760464180.8976374, "_runtime": 32089.394181251526, "_step": 42121, "peak_mem": 16.431811809539795, "step_consumption": 1010.826587677002, "train/loss": 0.685, "train/learning_rate": 1e-05, "test/acc": 0.5091743119266054, "train/val_acc": 0.58, "test_acc": 0.5091743119266054, "val_acc": 0.58, "eval/loss": 0.7034686803817749, "eval/runtime": 16.6225, "eval/samples_per_second": 52.459, "eval/steps_per_second": 6.557, "train_runtime": 32011.503, "train_samples_per_second": 9.996, "train_steps_per_second": 0.625, "total_flos": 1.860766920427438e+17, "train_loss": 0.6485314932227134, "train/train_runtime": 32011.503, "train/train_samples_per_second": 9.996, "train/train_steps_per_second": 0.625, "train/total_flos": 1.860766920427438e+17, "train/train_loss": 0.6485314932227134, "accuracy": 0.5091743119266054, "test_accuracy": 0.5091743119266054, "val_accuracy": 0.58, "_wandb": {"runtime": 32088}}