{"train/loss": 1.8999, "train/learning_rate": 1e-05, "train/epoch": 0.62, "train/global_step": 10, "_timestamp": 1760497281.3826225, "_runtime": 49.769333362579346, "_step": 24, "train/peak_mem": 16.060426712036133, "train/step_consumption": 855.8981418609619, "test/acc": 0.6875, "train/val_acc": 0.5625, "train_runtime": 20.5676, "train_samples_per_second": 0.972, "train_steps_per_second": 0.486, "total_flos": 5569240891392.0, "train_loss": 0.6998244727030396, "train/train_runtime": 20.5676, "train/train_samples_per_second": 0.972, "train/train_steps_per_second": 0.486, "train/total_flos": 5569240891392.0, "train/train_loss": 0.6998244727030396, "accuracy": 0.6875, "test_accuracy": 0.6875, "val_accuracy": 0.5625, "_wandb": {"runtime": 48}}