{"train/loss": 0.0686, "train/learning_rate": 1e-05, "train/epoch": 0.62, "train/global_step": 10, "_timestamp": 1760497940.6926677, "_runtime": 89.8301477432251, "_step": 24, "train/peak_mem": 16.060410976409912, "train/step_consumption": 2211.2953662872314, "test/acc": 0.59375, "train/val_acc": 0.4375, "train_runtime": 49.2073, "train_samples_per_second": 0.813, "train_steps_per_second": 0.203, "total_flos": 14387205636096.0, "train_loss": 0.6040488105267287, "train/train_runtime": 49.2073, "train/train_samples_per_second": 0.813, "train/train_steps_per_second": 0.203, "train/total_flos": 14387205636096.0, "train/train_loss": 0.6040488105267287, "accuracy": 0.59375, "test_accuracy": 0.59375, "val_accuracy": 0.4375, "_wandb": {"runtime": 89}}