{"train/peak_mem": 12.239767074584961, "train/step_consumption": 638.430118560791, "train/epoch": 22.62, "train/global_step": 1425, "_timestamp": 1760345635.4034452, "_runtime": 1092.6632132530212, "_step": 2997, "peak_mem": 12.239767074584961, "step_consumption": 638.430118560791, "train/loss": 0.7553, "train/learning_rate": 1e-05, "test/acc": 0.4896788990825688, "train/val_acc": 0.572, "test_acc": 0.4896788990825688, "val_acc": 0.572, "eval/loss": 0.7340944409370422, "eval/runtime": 16.6622, "eval/samples_per_second": 52.334, "eval/steps_per_second": 6.542}