{
    "accuracy": 0.5252293577981652,
    "test_accuracy": 0.5252293577981652,
    "val_accuracy": 0.482
}