{"train/peak_mem": 18.785724639892578, "train/step_consumption": 1181.0517311096191, "train/epoch": 15.87, "train/global_step": 1000, "_timestamp": 1760429552.180413, "_runtime": 1244.0283930301666, "_step": 2103, "peak_mem": 18.785724639892578, "step_consumption": 1181.0517311096191, "train/loss": 0.8636, "train/learning_rate": 1e-06, "test/acc": 0.5538990825688074, "train/val_acc": 0.61, "test_acc": 0.5538990825688074, "val_acc": 0.61, "eval/loss": 1.0169715881347656, "eval/runtime": 16.7132, "eval/samples_per_second": 52.174, "eval/steps_per_second": 6.522, "_wandb": {"runtime": 1256}}