{
    "accuracy": 0.59375,
    "test_accuracy": 0.59375,
    "val_accuracy": 0.4375
}